lat,lon,elevation_m,slope_deg,dist_water_km,dist_known_site_km,dist_to_prediction_km,in_lake,rank_score
39.073841894433556,35.199782892639654,1199.0,0.21698994590981366,14.454471804105443,11.007803012943452,8.062744866278349,False,206.0
38.85606955199648,34.92390087249332,1254.0,0.15700477905341872,9.407856407196201,15.708283324785073,29.07787289901454,False,235.5
39.001251113621194,35.199782892639654,1199.0,0.21698994590981366,9.884573593095416,18.93612241092134,11.404492127738145,False,246.0
39.001251113621194,34.831940199111216,1178.0,0.17991398600482805,20.766449403181987,0.9868700576445987,25.497554371374406,False,255.5
39.14643267524592,35.291743566021765,1145.0,0.4405819235423502,16.378965664331545,6.013504874109192,18.030141569819545,False,269.5
38.783478771184114,34.831940199111216,1165.0,0.29744863979720526,3.1124270470298594,18.86421762238571,40.32299675886324,False,272.5
38.92866033280883,34.55605817896488,1241.0,0.38429673248832996,9.12769948074068,0.5516199806827714,50.99510874274941,False,275.0
39.01,34.83,1178.0,0.17991398600482805,21.453645030559944,7.532846517130636,25.370204232053432,False,282.5
39.001251113621194,34.739979525729105,1157.0,0.1806469832547511,19.372546144193596,7.1875973241400715,33.24425156883622,False,283.0
39.001251113621194,35.01586154587543,1116.0,0.27077140036120007,18.882283697241245,16.324567705397904,11.404492127738145,False,324.0
38.92866033280883,35.291743566021765,1179.0,0.5299124535248056,0.02417400258547894,27.356484701800163,22.80898425547629,False,324.5
39.073841894433556,34.831940199111216,1178.0,0.17991398600482805,26.897437300286867,7.095583207449601,24.188234598834423,False,330.5
39.001251113621194,34.64801885234699,1167.0,0.1958359807180274,18.28282151816491,11.68463601513954,41.11266174039745,False,341.0
39.001251113621194,34.92390087249332,1171.0,0.4522712638280996,21.87205619896904,8.290045648891198,18.030141569819545,False,350.0
38.783478771184114,35.10782221925754,1124.0,0.31402627034545527,1.843074188550688,33.44872043893443,32.26256924993799,False,358.5
39.073841894433556,34.739979525729105,1157.0,0.1806469832547511,25.728080784181266,10.611883257047348,32.25097946511277,False,362.0
38.92866033280883,35.01586154587543,1198.0,0.5089107269073994,13.125547639555997,18.634035903444047,18.034028901786524,False,363.5
38.92866033280883,34.92390087249332,1246.0,0.5975329303123846,15.63398616467867,11.976940652892793,22.80898425547629,False,373.5
38.85606955199648,34.55605817896488,1270.0,0.6902639041806831,3.25022931799804,8.231648865524603,54.090424709457736,False,375.5
38.85606955199648,35.01586154587543,1235.0,0.5444991328056945,7.817516578583688,22.384583143556856,25.504884394859562,False,377.5
39.073841894433556,35.10782221925754,1130.0,0.5500598385325776,20.14732074332464,15.129477521257996,0.0,False,392.5
39.073841894433556,35.01586154587543,1116.0,0.27077140036120007,24.764404425561995,17.77258842462981,8.062744866278349,False,396.0
39.14643267524592,35.10782221925754,1146.0,0.5394271259629824,24.51804418548108,11.027477368034242,8.065642312484695,False,398.5
39.001251113621194,35.10782221925754,1130.0,0.5500598385325776,15.192771324920471,21.594121766255775,8.065642312484695,False,402.0
38.92866033280883,34.739979525729105,1273.0,0.7741795450265931,13.025740044355963,4.9855231497727335,36.060283139638535,False,403.5
39.073841894433556,34.92390087249332,1171.0,0.4522712638280996,28.152167812648752,10.867301661583946,16.125489732556698,False,408.0
39.14643267524592,35.199782892639654,1187.0,0.7897080590791415,19.5125062613762,3.7250361351298804,11.404492127738145,False,412.5
38.93,34.55,1241.0,0.38429673248832996,9.11952446668975,21.159258754231477,51.45283326965014,False,413.5
38.92866033280883,34.831940199111216,1310.0,0.8721204729613273,14.798302705944286,4.375319355341662,29.073854864121895,False,414.0
38.92866033280883,34.37213683220066,1054.0,0.40568636295968563,4.543236514686071,15.595043175195139,66.48850313767304,False,418.5
39.001251113621194,34.55605817896488,1209.0,0.5640370921166049,15.335491358457514,7.934588709363478,49.044238784448545,False,422.0
38.783478771184114,35.199782892639654,1111.0,0.25191357196158615,5.084622808149676,40.41246980346376,33.25479257769837,False,424.5
39.14643267524592,35.38370423940387,1185.0,0.7138203467522799,14.919728922443174,13.728229932923824,25.497554371374406,False,426.5
38.71088799037175,34.739979525729105,1027.0,0.25740161575746767,5.894007751554139,26.92753478098213,51.63807049341259,False,426.5
39.073841894433556,35.291743566021765,1225.0,0.9673935590784668,10.36054005879225,11.977398458541762,16.125489732556698,False,427.0
39.073841894433556,34.64801885234699,1167.0,0.1958359807180274,23.933359158419183,17.461172384062838,40.31372433139112,False,431.0
38.92866033280883,34.64801885234699,1283.0,0.7220342247331583,12.9488532951489,8.595190831076765,43.421362405147654,False,437.5
39.001251113621194,35.291743566021765,1225.0,0.9673935590784668,4.445385310058707,19.51571363348799,18.030141569819545,False,442.0
39.073841894433556,35.38370423940387,1331.0,0.9061168881649342,8.563213977943123,17.197678042543103,24.188234598834423,False,445.0
39.001251113621194,35.38370423940387,1331.0,0.9061168881649342,2.2410658230684697,23.090368876321566,25.497554371374406,False,449.0
38.95,34.79,1310.0,0.8721204729613273,15.467820405982724,7.532846517130636,31.077693161148694,False,451.0
39.001251113621194,35.47566491278598,1340.0,0.7090145735731799,2.67691383163508,28.55666123030304,33.24425156883622,False,454.0
38.92866033280883,35.10782221925754,1203.0,0.6752006463580749,9.921167268090226,25.980947971843868,16.13128462496939,False,457.5
38.71088799037175,34.64801885234699,1020.0,0.3875538531914705,5.475915003557432,25.8180575610734,57.02246063868973,False,457.5
38.85606955199648,34.37213683220066,1000.0,0.5518042031984346,0.5493181197451122,17.625581694752785,68.8911748996418,False,460.5
39.21902345605828,35.199782892639654,1071.0,0.7121436265187316,25.131489269078017,6.057163781025467,18.034028901786524,False,466.0
39.073841894433556,35.47566491278598,1340.0,0.7090145735731799,7.976964196819403,24.043250525514686,32.25097946511277,False,469.0
39.21902345605828,35.47566491278598,1292.0,0.4618810529283278,17.269398031445935,22.217007038101737,36.060283139638535,False,472.5
38.783478771184114,35.01586154587543,1110.0,0.7811971677482552,2.2840040834534436,27.101324542271087,33.25479257769837,False,477.5
39.14643267524592,35.47566491278598,1276.0,0.6893613404923983,11.850128924694593,21.697512826794657,33.24425156883622,False,478.5
38.92866033280883,35.199782892639654,1267.0,0.8082039500643414,5.106641212478386,26.946074084677246,18.034028901786524,False,479.5
39.21902345605828,35.291743566021765,1095.0,0.7806031371416673,22.462088955889737,7.6795559593689005,22.80898425547629,False,479.5
39.073841894433556,35.6595862595502,1464.0,0.41156222707299583,3.3060048057518174,39.15048602584948,48.37646919766947,False,487.0
38.85606955199648,35.10782221925754,1172.0,0.7844331714995274,4.039046539770057,29.755750193320527,24.196926937453295,False,491.5
38.85606955199648,34.64801885234699,1185.0,1.0288264533160743,7.249020492929017,11.888358333463461,47.01795021780352,False,492.5
38.783478771184114,34.37213683220066,949.0,0.3251788878269372,6.766357328399696,20.57674337127765,72.12056627927728,False,494.5
39.14643267524592,34.831940199111216,1156.0,0.4090743963648838,33.0775635121154,15.160140547596946,25.497554371374406,False,495.5
38.85606955199648,34.831940199111216,1200.0,1.2126114951210973,9.10334308468263,11.0655536269105,34.21347638321344,False,499.5
39.001251113621194,34.46409750558277,1127.0,0.7082859780841616,13.610125828010482,10.927048399481741,57.01262553214918,False,503.0
39.001251113621194,35.6595862595502,1464.0,0.41156222707299583,3.0495412734507736,42.07333550896418,49.044238784448545,False,505.0
38.783478771184114,34.64801885234699,1082.0,0.9625759826595777,0.8865527446857935,18.409182332002725,51.633997947809945,False,508.5
38.71088799037175,35.01586154587543,1173.0,0.6479320776106687,3.969262608538791,33.13613123474265,41.12629940320695,False,524.5
39.14643267524592,34.64801885234699,1138.0,0.07391816531500858,29.79259536380046,22.008523380613497,41.11266174039745,False,526.5
39.14643267524592,34.739979525729105,1145.0,0.4355863793986428,32.0871577720508,17.090776068694307,33.24425156883622,False,534.5
39.073841894433556,34.55605817896488,1209.0,0.5640370921166049,21.552530567112093,15.991256460838692,48.37646919766947,False,536.0
38.71088799037175,34.55605817896488,1037.0,0.5306039290541861,7.486731799955706,24.35157233952998,62.98132596140371,False,539.5
39.001251113621194,34.37213683220066,1084.0,0.6143787964653158,9.46183209101653,17.4888188571976,65.00428671825826,False,541.0
38.85606955199648,34.739979525729105,1079.0,1.5298221562847423,6.697657542645418,11.320711050359186,40.31894033423472,False,542.5
39.21902345605828,35.38370423940387,1188.0,0.815599788854659,21.280999622409883,14.535392528355366,29.073854864121895,False,546.5
39.14643267524592,35.01586154587543,1076.0,0.5814671473051639,30.067781281927378,18.956537910557067,11.404492127738145,False,552.5
38.783478771184114,34.46409750558277,939.0,0.7334429491786898,5.040991797952664,17.937883432870272,65.00967819304422,False,555.5
39.21902345605828,34.92390087249332,1060.0,0.12334907969757482,39.60764158303377,24.640871290761144,22.80898425547629,False,555.5
38.71088799037175,34.37213683220066,1020.0,0.4462787448055387,12.98339653705428,13.323651271172556,76.07146215013951,False,558.5
38.92866033280883,34.46409750558277,1100.0,1.1181218738263827,7.393086619355893,7.533058697564128,58.699260879570694,False,562.5
38.71088799037175,34.46409750558277,1010.0,0.487690691469435,11.258031006607249,18.938165651572888,69.36677541863718,False,562.5
39.14643267524592,34.55605817896488,1135.0,0.08976869170801614,27.76956977576668,24.05394022258638,49.044238784448545,False,563.5
38.783478771184114,34.739979525729105,990.0,1.4783916676557949,0.3721143469707675,19.015013229562058,45.617968510951584,False,573.5
38.92866033280883,34.09625481205433,936.0,0.26347422136320486,8.784156748911812,13.0404103953347,90.1452648333455,False,574.5
38.71088799037175,34.831940199111216,1012.0,0.9482589187422131,3.131509106499471,26.82126223288736,47.02590074450221,False,579.5
38.71088799037175,34.92390087249332,1045.0,1.0059692309522312,2.7138650304510077,29.04623548253712,43.432661292376665,False,590.5
38.85606955199648,35.199782892639654,1075.0,1.1883288769099853,0.4273347414198904,34.981627420951476,25.504884394859562,False,595.5
38.783478771184114,34.92390087249332,1034.0,1.4857583937232974,3.356011360360375,21.91260811602344,36.068057803572344,False,597.5
38.85606955199648,34.46409750558277,1056.0,1.6996181293468258,1.1760474107019192,11.144627933814148,61.40746011172077,False,604.5
39.291614236870636,35.10782221925754,1249.0,0.6505444030340014,34.58007931589612,17.243581607446284,24.196926937453295,False,605.5
39.291614236870636,35.56762558616809,1375.0,0.31086157726879715,21.952715427229418,32.539996738693134,47.01795021780352,False,607.5
38.71088799037175,35.10782221925754,1239.0,0.7321881845078309,7.244708800696271,38.50114673957871,40.32821156242269,False,609.5
39.21902345605828,35.01586154587543,1045.0,0.6076381907573691,34.66355094375424,19.549006839646115,18.034028901786524,False,609.5
38.783478771184114,35.291743566021765,1126.0,0.645851245453055,9.70391949252643,43.28663909277843,36.068057803572344,False,611.5
39.073841894433556,34.46409750558277,1127.0,0.7082859780841616,19.343589410959655,17.66813436484377,56.43921406394782,False,614.0
38.92866033280883,35.38370423940387,1122.0,1.2970704935300883,4.047540903766515,30.011319722066823,29.073854864121895,False,618.5
39.58197736012008,35.10782221925754,1085.0,0.2363144793420443,50.879282076430485,11.250865274641836,56.45949618739129,False,624.0
39.364205017683,35.38370423940387,1192.0,0.3444511940849632,32.28048474645342,25.44075134808881,40.32299675886324,False,624.5
39.14643267524592,35.6595862595502,1526.0,0.6461336379519144,9.661550884954409,37.75532708236669,49.044238784448545,False,625.5
39.291614236870636,35.199782892639654,1182.0,0.8009708112546636,31.03962888769711,13.769958015846514,25.504884394859562,False,627.5
39.58197736012008,35.199782892639654,1088.0,0.24934922614166635,44.98609410982018,12.087029395799004,57.0322940491854,False,629.0
39.21902345605828,35.10782221925754,1076.0,1.0711073748468174,29.392432306454143,12.017428841672032,16.13128462496939,False,630.5
39.073841894433556,34.37213683220066,1084.0,0.6143787964653158,15.18286623301358,22.329831397245865,64.50195893022617,False,638.0
39.21902345605828,34.739979525729105,1076.0,0.38123309391056204,38.44801949726772,24.529295930074984,36.060283139638535,False,640.5
39.14643267524592,34.92390087249332,1149.0,0.7943117153382059,33.783020962712094,17.25053059395326,18.030141569819545,False,645.5
39.291614236870636,35.291743566021765,1140.0,0.9227348908672013,28.665293640498152,14.556719768584108,29.07787289901454,False,647.5
38.85606955199648,35.291743566021765,1071.0,1.2451322929564017,3.5776857537303797,35.29873374047823,29.07787289901454,False,649.5
39.14643267524592,34.37213683220066,1167.0,0.30357153759264005,20.62138456270106,28.661701402130173,65.00428671825826,False,650.5
39.21902345605828,34.831940199111216,1090.0,0.5310824410651652,39.31649588200722,23.225451419032357,29.073854864121895,False,652.5
39.17,35.23,1071.0,0.7121436265187316,20.13305669916138,39.318985278578786,15.129477521257996,False,653.5
38.92866033280883,35.6595862595502,1545.0,0.5871423285392081,9.405087352653366,46.235048799210574,50.99510874274941,False,660.5
39.509386579307716,35.10782221925754,1085.0,0.2363144793420443,51.744178892338006,19.165826363213533,48.39385387490659,False,662.0
39.14643267524592,34.46409750558277,1175.0,0.467400520414528,24.526857939892764,25.199895415846807,57.01262553214918,False,662.5
39.21902345605828,34.37213683220066,1119.0,0.018563831912653084,25.045750788756155,27.96293287638982,66.48850313767304,False,663.5
39.073841894433556,35.843507606314425,1139.0,0.4837312546186303,2.933091931644444,54.840733533728304,64.50195893022617,False,667.0
39.509386579307716,35.199782892639654,1088.0,0.24934922614166635,49.15014798131034,19.668330136837206,49.06091058719263,False,667.0
39.364205017683,35.199782892639654,1300.0,0.5671081085077458,37.056634888369494,21.740363986651197,33.25479257769837,False,668.5
38.92866033280883,34.28017615881855,964.0,0.8913537181734397,0.23748767103750124,23.657545931242527,74.33609204636878,False,669.5
39.291614236870636,35.47566491278598,1305.0,0.7228010243505044,23.174374156118695,25.426716508803707,40.31894033423472,False,670.5
38.85606955199648,34.188215485436444,944.0,0.4157394620868165,9.497826746366776,23.348254491399693,84.18002584393783,False,671.5
38.783478771184114,34.55605817896488,954.0,2.1968991769363164,2.115757119765649,16.288799013843338,58.14770972824388,False,679.5
39.21902345605828,34.55605817896488,1121.0,0.09386276145564566,33.98660898442127,32.11810967496515,50.99510874274941,False,679.5
39.073841894433556,35.56762558616809,1265.0,1.6737527517552873,2.879187580057989,31.47080188313846,40.31372433139112,False,684.0
39.291614236870636,35.38370423940387,1190.0,0.9018326777294352,26.87372750446137,19.08402857473699,34.21347638321344,False,684.5
39.001251113621194,34.09625481205433,928.0,0.7772127057020233,2.4976779464127423,14.030624273203918,89.05619020671817,False,685.0
39.291614236870636,34.28017615881855,1152.0,0.2359879273835175,25.967526119249147,17.83179050568287,76.49266311412414,False,685.5
38.92866033280883,34.188215485436444,903.0,0.7201344332403931,3.5279636710734072,21.019941250782818,82.2253234807949,False,686.5
39.7271589217448,35.291743566021765,1105.0,0.26359844180993275,30.347935507204706,14.298949378304501,74.36029100308163,False,692.5
39.21902345605828,34.64801885234699,1130.0,0.4250810464190453,35.82463890591331,28.177417085140185,43.421362405147654,False,694.5
39.291614236870636,34.831940199111216,1008.0,0.2535300881485356,45.59014636195385,31.290933153848396,34.21347638321344,False,696.5
39.14643267524592,35.56762558616809,1363.0,1.2805505192482485,9.23473365926058,29.717259937686173,41.11266174039745,False,697.5
39.291614236870636,34.739979525729105,1017.0,0.22191140377148935,44.645077766756295,32.270532422722276,40.31894033423472,False,701.5
39.364205017683,35.291743566021765,1275.0,0.6592972970444786,34.926574911553615,22.24701716938682,36.068057803572344,False,703.5
39.65456814093244,35.199782892639654,1127.0,0.5586228432441704,40.6120048032744,5.954705759656539,65.02692790842018,False,703.5
39.21902345605828,34.46409750558277,1119.0,0.024302251633512538,30.12857955595486,32.985082352950826,58.699260879570694,False,704.5
39.291614236870636,34.37213683220066,1122.0,0.07425528867551634,30.034558690756953,25.80684757943191,68.8911748996418,False,712.0
39.65456814093244,35.291743566021765,1171.0,0.49205148735905824,34.8482131872381,13.601049239975946,66.50958515539673,False,712.5
38.71088799037175,35.291743566021765,1033.0,0.637553754775575,14.630250912225783,51.2988773370492,43.432661292376665,False,712.5
38.92866033280883,35.47566491278598,1135.0,1.7241345315358774,3.68299517965195,34.394724555341476,36.060283139638535,False,714.5
39.001251113621194,35.56762558616809,1265.0,1.6737527517552873,1.854056504630123,35.04021084350637,41.11266174039745,False,715.0
39.7271589217448,35.10782221925754,1101.0,0.44195121987785724,43.82792309364918,5.951102703901476,72.59078081236068,False,717.0
39.21902345605828,34.28017615881855,1186.0,0.5659490119992154,20.35865925601218,20.830386115000696,74.33609204636878,False,723.5
39.001251113621194,34.188215485436444,990.0,0.961126376773757,0.4701681577120586,21.64818801663148,81.02987142889053,False,724.0
39.001251113621194,35.843507606314425,1139.0,0.4837312546186303,7.627015616856092,56.96412080693445,65.00428671825826,False,727.0
39.7271589217448,35.199782892639654,1056.0,0.5257812364225843,36.82301130200305,7.411473104528627,73.03717761336954,False,729.5
39.073841894433556,34.09625481205433,928.0,0.7772127057020233,3.5761189228522356,18.808873000229745,88.6901935290606,False,732.0
39.58197736012008,35.01586154587543,1030.0,0.4425152392228431,57.30331347771925,15.397511772970642,57.0322940491854,False,737.0
39.291614236870636,34.92390087249332,1066.0,0.5412187618451554,44.86666583622324,30.047411887112926,29.07787289901454,False,739.5
38.783478771184114,35.38370423940387,1196.0,0.8799911347542494,13.137174768579102,45.01150053229446,40.32299675886324,False,741.5
39.68,35.14,1101.0,0.44195121987785724,43.47191672964757,13.78684554145654,67.40996286209123,False,743.0
38.783478771184114,34.28017615881855,1010.0,0.8218003478800405,9.972198729919645,19.294653204300342,79.41353544378617,False,743.5
38.85606955199648,34.28017615881855,902.0,0.8588861576249511,5.52847052464775,25.042668346864595,76.49266311412414,False,747.5
39.364205017683,34.09625481205433,1238.0,0.3524680397919071,27.12042473001586,5.114250812800451,94.37597047357588,False,749.5
39.509386579307716,35.01586154587543,1030.0,0.4425152392228431,55.13437297011166,21.859329805725494,49.06091058719263,False,751.0
38.71088799037175,35.47566491278598,1081.0,0.28291696588408477,22.76272221351242,55.37323033776884,51.63807049341259,False,756.5
39.58197736012008,35.291743566021765,1080.0,0.5752384214140339,39.83740961227909,17.193786649806746,58.71717064751028,False,758.0
39.65456814093244,35.38370423940387,1206.0,0.49243545498719804,29.931254936620274,21.5530570854759,68.90982652304697,False,759.5
39.291614236870636,34.46409750558277,1122.0,0.1478757904704802,35.227786176506086,33.823508406061244,61.40746011172077,False,760.5
39.7271589217448,35.47566491278598,1169.0,0.3085002563308498,20.353992800821423,29.892593087314996,79.43265786442825,False,760.5
39.7271589217448,35.38370423940387,1131.0,0.42512270472300356,24.82066978589456,22.000129150185625,76.51465318457923,False,762.5
39.65456814093244,35.10782221925754,1047.0,0.7107584085909646,47.056217607204324,3.993020222503139,64.52513849987598,False,763.5
39.364205017683,35.01586154587543,1149.0,0.5884233971421667,44.39595346409005,28.602759685359803,33.25479257769837,False,765.5
38.85606955199648,35.38370423940387,1205.0,1.7095636027404535,8.979589073178955,37.39388532770387,34.21347638321344,False,766.5
38.6382972095594,34.37213683220066,1169.0,0.9220574632874318,19.200435745708255,7.857873150548386,80.63788066846992,False,771.5
38.565706428747035,34.46409750558277,1261.0,0.6391508812476824,22.52383919222932,16.03796323043754,79.83144489416547,False,771.5
38.85606955199648,35.56762558616809,1208.0,0.9278037069882973,11.871959346147468,45.74881311044308,47.01795021780352,False,775.5
39.291614236870636,35.01586154587543,1135.0,0.8980944467938283,39.446208026976024,23.131929861222986,25.504884394859562,False,776.5
39.291614236870636,34.188215485436444,1234.0,0.665941742346091,23.753762270318816,9.99839151296349,84.18002584393783,False,779.5
38.6382972095594,35.10782221925754,1242.0,0.917615429957896,12.69478016892096,44.45187142684757,48.39385387490659,False,779.5
39.291614236870636,34.55605817896488,1131.0,0.16559506805568366,39.593873126240474,39.44570853632723,54.090424709457736,False,779.5
38.565706428747035,34.37213683220066,1264.0,0.5883045821173559,25.417474954362834,8.722489869886326,85.7215108101265,False,780.5
39.364205017683,34.188215485436444,1206.0,0.45919186576722987,30.034516480007145,10.683855652849187,86.84272481029502,False,781.5
39.43679579849536,35.01586154587543,1067.0,0.5022023361107433,49.647692849066075,29.132222746265562,41.12629940320695,False,782.5
39.073841894433556,34.188215485436444,990.0,0.961126376773757,5.293040647511625,25.011184107242492,80.62744866278224,False,790.0
39.509386579307716,35.291743566021765,1080.0,0.5752384214140339,44.99236364893291,23.15973294569223,51.009768789719125,False,792.0
38.6382972095594,34.46409750558277,1171.0,1.0443581033551856,17.180367534680197,15.584627217251823,74.34614971215346,False,794.5
39.799749702557165,35.01586154587543,1189.0,0.4016481585066481,46.14700344429487,7.3769763198119715,81.05841378951841,False,794.5
38.6382972095594,36.11938962646075,1475.0,0.43011727554670875,2.289928412858857,38.252606624054444,101.03422945263667,False,795.5
39.073841894433556,35.935468279696536,1192.0,0.4697715024505064,7.461096460820533,62.768641598190285,72.56470379650452,False,797.0
39.87234048336952,35.10782221925754,1227.0,0.31988519858455766,36.21603249285118,8.067036964793546,88.72206543732928,False,797.5
38.6382972095594,34.55605817896488,1211.0,1.092895091678361,13.311038968274868,23.537857806280904,68.42695276642732,False,799.5
39.21902345605828,36.02742895307864,1229.0,0.20879882022202098,3.3684970351915684,70.12725502329636,82.2253234807949,False,803.5
39.799749702557165,35.10782221925754,1144.0,0.5648981725445165,41.170372988734556,0.6863846182040867,80.65642312484538,False,807.0
38.6382972095594,36.02742895307864,1445.0,0.2529048872799074,5.714026718057071,45.45749432041675,94.03590043560703,False,808.5
39.7271589217448,34.92390087249332,1220.0,0.34599132026328744,56.20070738106755,13.398962204649214,74.36029100308163,False,809.5
39.43679579849536,34.92390087249332,1011.0,0.45460467950472194,54.38058613473842,33.003083356954036,43.432661292376665,False,821.5
38.92866033280883,35.56762558616809,1284.0,2.049244175952048,6.268870400542008,39.94158925947863,43.421362405147654,False,824.5
39.364205017683,35.10782221925754,1187.0,0.9680074858433231,40.10812449392951,24.09092752814977,32.26256924993799,False,827.5
39.43679579849536,34.28017615881855,1248.0,0.07425528867551634,37.90592716498041,21.827409420114037,83.01807565161914,False,831.0
38.565706428747035,35.01586154587543,1524.0,0.7358750359124051,16.625941550162228,47.06775447378859,57.0322940491854,False,832.5
39.43679579849536,34.188215485436444,1223.0,0.2143349738125852,35.78414298250385,16.075785585818867,90.15070784909628,False,838.5
38.6382972095594,35.935468279696536,1445.0,0.23514055898456276,10.585705502298367,52.91050345445716,87.22156459236585,False,840.5
39.7271589217448,34.831940199111216,1267.0,0.37406736378115807,61.79132934854406,12.97435884362915,76.51465318457923,False,841.5
38.71088799037175,35.38370423940387,1068.0,0.7985388452650389,18.54222992220106,52.762457033973604,47.02590074450221,False,841.5
39.43679579849536,35.47566491278598,1186.0,0.5531582906028978,35.464482300104066,36.642740744556306,51.63807049341259,False,842.5
39.799749702557165,35.291743566021765,1132.0,0.6467619361329342,26.61971774978828,16.811333705520674,82.2525988064139,False,847.5
39.43679579849536,35.10782221925754,1124.0,0.7458512417278355,45.853618959359196,27.16956022403389,40.32821156242269,False,847.5
38.6382972095594,34.92390087249332,1230.0,1.909496767283723,8.97399943971362,36.56930911014609,51.009768789719125,False,847.5
39.364205017683,34.831940199111216,968.0,0.5032532690861863,51.885922931866396,39.356480705028865,40.32299675886324,False,850.5
39.21902345605828,35.56762558616809,1350.0,2.0360859217564533,15.59173516545362,30.098652412793353,43.421362405147654,False,850.5
39.43679579849536,34.831940199111216,1000.0,0.3935769222829696,58.19664516105255,38.20649590778304,47.02590074450221,False,851.5
38.565706428747035,34.55605817896488,1301.0,0.85655721349389,19.3552269988534,23.840436430335316,74.35023525024728,False,851.5
39.799749702557165,35.47566491278598,1140.0,0.5565313519894179,14.883373014614616,32.29779723455987,86.8653225847531,False,855.5
39.073841894433556,35.751546932932314,1169.0,1.993263984346542,1.0549390469727313,46.958763298346305,56.43921406394782,False,858.0
39.364205017683,34.46409750558277,1143.0,0.3576018774762313,39.959916896765144,34.03243540593756,65.00967819304422,False,858.5
38.92866033280883,35.751546932932314,1283.0,0.9336016931710707,10.156076262420292,53.00985410199941,58.699260879570694,False,858.5
38.49311564793467,34.739979525729105,1447.0,0.4804092736242155,23.466775489826134,41.5350292883378,72.1361156071444,False,859.0
38.6382972095594,34.64801885234699,1235.0,1.3301920719803546,11.838382751800035,31.546736824497195,62.98540674103175,False,862.5
38.6382972095594,34.739979525729105,1236.0,1.3581696521856665,11.57411583693671,34.910209143850985,58.15574579802874,False,862.5
39.364205017683,34.28017615881855,1149.0,0.6237728151565098,31.86031050278709,18.224974386895003,79.41353544378617,False,863.5
39.87234048336952,35.01586154587543,1220.0,0.4366120936800018,41.3668763981084,10.909891895445384,89.08766890116969,False,863.5
38.565706428747035,36.02742895307864,1478.0,0.6003889669753597,0.35613027775089734,42.77602546759914,98.42997606219174,False,863.5
38.85606955199648,35.47566491278598,1413.0,2.3531654083869533,10.042904190938357,40.99537078353067,40.31894033423472,False,863.5
39.14643267524592,34.09625481205433,1026.0,1.0514739354286606,9.334644108679276,19.337845292601987,89.05619020671817,False,864.5
38.6382972095594,34.831940199111216,1289.0,1.9698996233316988,9.37544526002819,34.82830287067868,54.102086705357884,False,865.5
39.001251113621194,35.935468279696536,1192.0,0.4697715024505064,13.204781312134665,64.63209243767135,73.01158006088747,False,868.0
39.7271589217448,35.01586154587543,1190.0,0.69792490877483,51.101384278515475,10.95093557198208,73.03717761336954,False,869.5
39.001251113621194,34.28017615881855,1052.0,1.9277435876510272,5.56177890816671,24.94660082801903,73.01158006088747,False,871.0
39.43679579849536,35.199782892639654,1214.0,0.852555677892731,43.07603229619727,27.526338531562317,41.12629940320695,False,873.5
38.71088799037175,34.28017615881855,1157.0,1.4074239932948704,15.332388543303624,11.242818049875966,83.01807565161914,False,873.5
39.43679579849536,34.739979525729105,1030.0,0.2432584428923653,56.47884363962266,44.275104264069746,51.63807049341259,False,876.5
39.509386579307716,34.92390087249332,992.0,0.6207195492046398,59.43192598199957,26.80200381470577,51.009768789719125,False,877.0
39.58197736012008,35.38370423940387,1095.0,0.7617017466676049,35.36490018888839,23.982744393847117,61.422678244621515,False,877.0
39.364205017683,34.55605817896488,1157.0,0.30367241646738574,45.12056346543105,42.02688078032407,58.14770972824388,False,877.5
39.364205017683,35.751546932932314,1795.0,0.5792073937135477,21.63541950463132,50.562804012539,65.00967819304422,False,877.5
39.291614236870636,34.09625481205433,1132.0,1.0343136510075595,20.994091723108667,3.461014679514216,91.93172304182423,False,878.5
39.799749702557165,34.92390087249332,1261.0,0.570302039218928,51.56722883632864,6.506487497088862,82.2525988064139,False,879.5
39.8,35.1,1144.0,0.5648981725445165,41.80012235219768,13.78684554145654,80.6871486594682,False,885.0
38.71088799037175,35.199782892639654,1261.0,2.013703388874018,10.804190617701709,44.68432741886637,41.12629940320695,False,886.5
39.65456814093244,35.47566491278598,1227.0,0.6956741654426496,26.231054304055288,29.56510964952993,72.1361156071444,False,887.5
39.364205017683,35.47566491278598,1229.0,1.1066668068159484,29.272582445178127,30.488515787636754,45.617968510951584,False,888.5
39.87234048336952,34.92390087249332,1248.0,0.49668820928264085,47.33763435055558,5.9368125087297905,90.17558602293931,False,890.5
39.21902345605828,35.751546932932314,1646.0,1.1425811255649272,11.601922410102725,46.050439264012624,58.699260879570694,False,892.5
39.58197736012008,35.47566491278598,1137.0,0.6279415661406372,32.2934103679277,31.38046315017594,65.02153786395073,False,893.0
39.364205017683,34.92390087249332,1064.0,0.7428354652685117,49.50859134175529,34.43658873389929,36.068057803572344,False,894.5
38.6382972095594,35.01586154587543,1425.0,2.118243225380045,10.275785641659983,39.895285013300786,49.06091058719263,False,894.5
39.799749702557165,35.199782892639654,1114.0,0.7923048970985069,33.80128569659157,8.748610039460182,81.05841378951841,False,894.5
39.58197736012008,34.92390087249332,992.0,0.6207195492046398,64.09878186046858,21.854072337365256,58.71717064751028,False,895.0
38.49311564793467,34.831940199111216,1505.0,0.563238010417762,21.879386055735782,49.25805448110247,68.90982652304697,False,897.0
38.71088799037175,35.935468279696536,1483.0,0.36887057501809845,15.195521058354846,56.269227671223625,83.01807565161914,False,897.5
39.65456814093244,35.01586154587543,1046.0,0.8910266324348349,53.93751946844928,11.244803682943825,65.02692790842018,False,898.5
39.509386579307716,35.38370423940387,1095.0,0.7617017466676049,41.06683899427611,28.564295185026264,54.102086705357884,False,901.0
38.6382972095594,35.199782892639654,1125.0,1.1186079392897155,16.686311346021878,49.90310300936073,49.06091058719263,False,901.5
38.565706428747035,34.64801885234699,1384.0,0.9688714592716172,18.20085050004326,31.773137449018908,69.37485912923678,False,905.5
39.001251113621194,35.751546932932314,1169.0,1.993263984346542,4.014306728301007,49.4219632886002,57.01262553214918,False,907.0
39.43679579849536,35.38370423940387,1222.0,0.8349789928001253,37.98519602780347,32.563364130492936,47.02590074450221,False,907.5
38.783478771184114,35.935468279696536,1535.0,0.2822295872801533,20.724871295919446,60.5230514882866,79.41353544378617,False,909.5
38.565706428747035,34.831940199111216,1448.0,1.090469648199046,15.619381413557518,42.85732639542588,61.422678244621515,False,912.5
39.509386579307716,35.47566491278598,1137.0,0.6279415661406372,38.453523282049716,35.0068621598146,58.15574579802874,False,914.0
38.92866033280883,35.843507606314425,1205.0,0.7683544743203893,13.427846777444884,60.103454442507214,66.48850313767304,False,915.5
39.799749702557165,34.831940199111216,1314.0,0.6030648892656103,57.60926976091736,5.579980178406863,84.20528062005579,False,915.5
39.21902345605828,35.935468279696536,1189.0,1.0325640717294369,1.3824977188304668,62.09202745909062,74.33609204636878,False,922.5
39.364205017683,34.64801885234699,1122.0,0.5601874064134752,48.14619040134859,42.467373517294746,51.633997947809945,False,928.5
39.364205017683,34.739979525729105,1051.0,0.6636957667864771,50.50757265671151,40.13972270323588,45.617968510951584,False,931.5
38.42052486712231,35.843507606314425,1455.0,0.5472822845858127,5.822703957174419,53.9854124008674,97.10779662202604,False,932.0
39.21902345605828,35.6595862595502,1609.0,1.9905001683729713,16.017096964157,38.05624865851382,50.99510874274941,False,932.5
39.364205017683,34.37213683220066,1134.0,0.7089112807850239,35.42427786451253,26.08007516769167,72.12056627927728,False,935.5
39.073841894433556,34.28017615881855,1052.0,1.9277435876510272,10.576003101202337,28.54987702393964,72.56470379650452,False,939.0
39.14643267524592,35.751546932932314,1489.0,2.6161152984429368,6.9957220179263855,45.80207001377091,57.01262553214918,False,939.5
39.87234048336952,35.199782892639654,1240.0,0.7460758407009902,31.459122917885402,11.880409890646947,89.08766890116969,False,940.5
38.783478771184114,35.56762558616809,1069.0,1.148074824543964,17.64185914772746,52.16019959012357,51.633997947809945,False,941.5
39.21902345605828,34.188215485436444,1364.0,1.6106461614735932,17.449561763477043,14.693538236515819,82.2253234807949,False,941.5
39.65456814093244,35.56762558616809,1303.0,0.6542956166839197,24.338576754775364,37.598841165720366,76.08344016864362,False,943.5
39.21902345605828,34.09625481205433,1142.0,1.7414719480539067,15.06649572205948,11.309768152940402,90.1452648333455,False,950.5
38.85606955199648,35.751546932932314,1297.0,0.9527324853752388,16.39372086240405,57.512328942206935,61.40746011172077,False,951.5
39.14643267524592,35.843507606314425,1179.0,2.122015548297538,1.6290980647066553,53.85359989409853,65.00428671825826,False,952.5
38.783478771184114,34.188215485436444,1109.0,1.2824332214622507,14.785131372759611,21.24101283692472,86.84272481029502,False,953.5
38.565706428747035,34.739979525729105,1422.0,1.1687154087124074,17.381485302730958,39.75819194929558,65.02153786395073,False,957.5
39.14643267524592,35.935468279696536,1173.0,1.2271536725296164,1.5884310565721838,61.90804903337143,73.01158006088747,False,958.5
39.364205017683,35.56762558616809,1366.0,1.1420894589893142,28.315264083368266,36.63172218539643,51.633997947809945,False,962.5
38.565706428747035,34.92390087249332,1398.0,1.4339335850735233,15.276782689129004,44.2837906429176,58.71717064751028,False,963.5
39.14643267524592,34.28017615881855,1361.0,1.8667200596300157,14.987028128597261,26.075781686986062,73.01158006088747,False,963.5
39.43679579849536,35.291743566021765,1258.0,1.1369082600533174,41.21388537082252,30.12024788573852,43.432661292376665,False,966.5
39.364205017683,35.935468279696536,1599.0,0.6809867729824639,11.308550746040073,65.50858010354351,79.41353544378617,False,968.5
39.291614236870636,34.64801885234699,1136.0,0.9371189132912867,41.95502023941396,35.123606557566475,47.01795021780352,False,969.5
38.783478771184114,35.47566491278598,1084.0,2.038368662520554,16.40281320222539,48.04532179043489,45.617968510951584,False,971.5
38.49311564793467,35.843507606314425,1455.0,0.5472822845858127,10.607210247890572,56.528788121116456,91.23593702190361,False,972.0
39.65456814093244,34.831940199111216,1237.0,0.6994545738005479,66.32135221221756,20.872013986220622,68.90982652304697,False,972.5
39.65456814093244,34.739979525729105,1204.0,0.5585780628891934,72.02906594800685,23.546941980648334,72.1361156071444,False,974.5
39.14643267524592,34.188215485436444,1124.0,2.3776477300175034,11.213658894518966,21.492823704560003,81.02987142889053,False,977.5
38.42052486712231,34.739979525729105,1447.0,0.4804092736242155,29.66944604763346,44.71814688373181,79.43265786442825,False,982.0
39.14643267524592,36.02742895307864,1329.0,0.7123085417391568,7.303729348415853,69.96440922526467,81.02987142889053,False,983.5
38.49311564793467,36.02742895307864,1502.0,0.9758292937267657,0.3024059987716771,41.51267386647776,103.26799589561989,False,985.5
39.291614236870636,35.6595862595502,1414.0,1.6599057606338607,21.69827838207436,40.015004343953834,54.090424709457736,False,994.5
39.364205017683,35.6595862595502,1476.0,1.0778022525842197,26.514942938699,43.40774418419539,58.14770972824388,False,1000.5
39.7271589217448,35.56762558616809,1201.0,0.8077029165007172,18.097067058313474,37.856891973590926,83.03383544324318,False,1002.5
39.799749702557165,35.38370423940387,1180.0,1.1035167564428654,20.09199121137126,24.874071115351676,84.20528062005579,False,1005.5
38.49311564793467,35.751546932932314,1420.0,0.5023699143295197,16.093948765691543,64.06125019138179,85.72559934222859,False,1006.0
39.65456814093244,34.92390087249332,1080.0,0.9063382479070234,61.1084290984437,19.156271004451018,66.50958515539673,False,1006.5
38.42052486712231,35.751546932932314,1420.0,0.5023699143295197,13.092367523763699,61.82850994268312,91.95002089779162,False,1007.0
39.87234048336952,34.831940199111216,1398.0,0.7354425641810153,53.77808439023138,4.903829320587157,91.96018480012961,False,1007.5
39.84,34.87,1320.0,0.6140081405557601,52.802344430007864,16.68971198195647,87.64512951682917,False,1008.0
38.565706428747035,35.751546932932314,1488.0,0.5493958871607096,20.628193440478398,66.47742655380985,79.83144489416547,False,1014.5
38.34793408630995,35.843507606314425,1371.0,0.7731868791965714,3.9158327465612213,52.56857226106931,103.27614098682558,False,1016.5
38.27534330549759,35.6595862595502,1315.0,0.6764092560962099,1.948518485396076,68.47838701157873,101.05388496984568,False,1019.5
39.291614236870636,35.751546932932314,1743.0,1.6544044094915897,16.696347362677614,47.68191970859106,61.40746011172077,False,1019.5
38.42052486712231,34.831940199111216,1505.0,0.563238010417762,28.183459669490826,51.97027933343435,76.51465318457923,False,1024.0
39.43679579849536,34.09625481205433,1278.0,0.8747602438972734,33.31331921634011,13.055331170312538,97.42851264412151,False,1031.5
38.34793408630995,34.831940199111216,1510.0,0.15986086542217604,34.50971196678382,55.72766914695979,84.20528062005579,False,1035.5
39.21902345605828,35.843507606314425,1522.0,2.610991250486132,7.392061388458443,54.06499385384032,66.48850313767304,False,1040.5
38.71088799037175,36.02742895307864,1460.0,0.7915136276111235,11.712012078419656,49.326345869145804,90.15070784909628,False,1042.5
38.85606955199648,35.6595862595502,1106.0,2.875044252851741,15.760633431855334,51.33520318365101,54.090424709457736,False,1043.5
38.49311564793467,34.92390087249332,1575.0,1.0952449863898341,21.61574473667806,52.104731363322344,66.50958515539673,False,1047.0
39.43679579849536,34.46409750558277,1088.0,0.7137067367619052,45.095520334261536,36.09006470276296,69.36677541863718,False,1050.5
39.509386579307716,34.55605817896488,1018.0,0.6666517372925289,54.95787313086579,38.16374785591732,68.42695276642732,False,1058.0
39.87234048336952,34.739979525729105,1312.0,0.6918878817189095,60.47701999211279,11.952616901937414,94.40196275462107,False,1061.5
39.43679579849536,34.55605817896488,1136.0,0.7308112326767581,50.0254322012744,43.7097794402337,62.98132596140371,False,1063.5
39.58197736012008,34.55605817896488,1018.0,0.6666517372925289,60.15982652514137,30.183152200146907,74.35023525024728,False,1071.0
38.783478771184114,35.6595862595502,1166.0,1.4516661189673397,21.33059905862825,57.12298667063909,58.14770972824388,False,1071.5
39.364205017683,35.843507606314425,1753.0,1.2528335961890806,15.602732682088938,57.95668860121069,72.12056627927728,False,1072.5
39.509386579307716,34.64801885234699,981.0,0.7239929151199612,60.150367610385786,40.00919395237993,62.98540674103175,False,1076.0
39.87234048336952,35.291743566021765,1217.0,1.409994613849397,23.834555538651554,18.634025397256863,90.17558602293931,False,1080.5
38.565706428747035,35.10782221925754,1472.0,3.137428383450658,18.425679539647692,50.98733782284902,56.45949618739129,False,1080.5
39.291614236870636,35.843507606314425,1536.0,1.9933317723083304,11.41156341330307,55.461212311883344,68.8911748996418,False,1080.5
38.71088799037175,36.11938962646075,1534.0,1.1974777349495032,6.617794848169499,42.77810795776889,97.42851264412151,False,1082.5
39.799749702557165,34.739979525729105,1225.0,0.8813673862293154,64.04401857029872,12.245557871752643,86.8653225847531,False,1087.5
39.43679579849536,35.843507606314425,1807.0,0.8859447235507205,20.758330274282017,61.41757572517412,76.07146215013951,False,1088.5
38.6382972095594,35.291743566021765,1219.0,3.0241170074478436,20.139548572404692,55.988268558101915,51.009768789719125,False,1091.5
38.49311564793467,34.55605817896488,1442.0,1.37160504024975,25.528945491178888,26.698525054671215,80.64599351772686,False,1091.5
38.34793408630995,35.199782892639654,1076.0,0.03372086674550456,36.687869008680664,75.93374546647598,81.05841378951841,False,1093.5
39.7271589217448,34.28017615881855,751.0,0.4353815704379497,60.94607102156154,23.616829831421143,102.64042914964176,False,1093.5
39.58197736012008,34.64801885234699,981.0,0.7239929151199612,64.9473505987658,32.48517549662236,69.37485912923678,False,1094.0
39.291614236870636,35.935468279696536,1348.0,1.746500043314418,5.692775028452032,63.31147119336647,76.49266311412414,False,1098.5
39.43679579849536,35.751546932932314,1718.0,0.9704947946764403,25.761081381293057,54.49530258609654,69.36677541863718,False,1098.5
39.58197736012008,35.56762558616809,1174.0,1.0971083634352639,30.626613001110123,39.0424207233093,69.37485912923678,False,1100.0
39.509386579307716,35.56762558616809,1174.0,1.0971083634352639,36.94083764229121,42.0125879551903,62.98540674103175,False,1106.0
38.27534330549759,35.291743566021765,1071.0,0.07084810485182577,26.697211573162885,86.91649244507403,90.17558602293931,False,1106.5
39.073841894433556,36.02742895307864,1250.0,1.060309525184654,11.285798538305594,70.72704144246417,80.62744866278224,False,1107.0
38.42052486712231,35.935468279696536,1462.0,1.5235675927503725,1.240070058545105,46.2179680644702,102.64042914964176,False,1108.0
38.783478771184114,36.02742895307864,1547.0,0.899780423163765,16.7081346448795,54.12857078789712,86.84272481029502,False,1110.5
38.49311564793467,34.46409750558277,1250.0,1.506841360701668,28.204518633219713,20.04148436336276,85.72559934222859,False,1113.5
39.7271589217448,34.46409750558277,818.0,0.7651008353618914,67.41140929594175,14.00728396647854,91.95002089779162,False,1115.5
39.43679579849536,35.56762558616809,1245.0,1.5304766798210496,34.678517873685564,41.89300567645935,57.02246063868973,False,1119.5
39.509386579307716,34.831940199111216,1049.0,1.2132439197558207,64.43794424984618,32.99818520720327,54.102086705357884,False,1120.0
38.34793408630995,35.10782221925754,1101.0,0.28307624226805067,36.73948758848521,72.46780584475897,80.65642312484538,False,1120.5
39.509386579307716,34.739979525729105,1040.0,1.0171672198739803,62.527734793349886,38.46296859309149,58.15574579802874,False,1125.0
38.49311564793467,34.64801885234699,1577.0,1.5698202298105381,24.563318248286482,33.97023836036914,76.08344016864362,False,1126.0
39.58197736012008,34.739979525729105,1040.0,1.0171672198739803,68.63372650693529,30.852465523903227,65.02153786395073,False,1130.0
38.71088799037175,35.751546932932314,1757.0,0.814124254779072,27.632011630745666,68.50724189979522,69.36677541863718,False,1130.5
39.58197736012008,34.831940199111216,1049.0,1.2132439197558207,69.35735658532998,28.862728909522872,61.422678244621515,False,1138.0
38.783478771184114,35.843507606314425,1565.0,0.9394736929792069,24.739651904751216,67.27698757320097,72.12056627927728,False,1138.5
38.27534330549759,35.199782892639654,1072.0,0.025964326805151303,34.21494606708226,83.12707220143949,89.08766890116969,False,1142.5
38.49311564793467,35.199782892639654,1074.0,1.0961303063047048,27.70283576397035,62.19251041414425,65.02692790842018,False,1144.0
39.509386579307716,34.28017615881855,1236.0,0.7904910640696498,44.0414827118958,27.401297130052818,87.22156459236585,False,1145.0
38.49311564793467,35.935468279696536,1462.0,1.5235675927503725,5.600807625161432,49.16482183796394,97.10370608531179,False,1145.0
38.71088799037175,35.56762558616809,1117.0,2.082788411344954,23.696741502571363,58.97904808806847,57.02246063868973,False,1145.5
39.7271589217448,34.739979525729105,1124.0,1.2835814456911672,67.88102065191379,16.945545025235617,79.43265786442825,False,1152.5
38.92866033280883,35.935468279696536,1288.0,1.268814398727615,17.613998033096017,67.41529165914223,74.33609204636878,False,1156.5
38.565706428747035,35.199782892639654,1115.0,3.360898025501787,22.306934179975713,55.80375825045487,57.0322940491854,False,1156.5
39.65456814093244,34.46409750558277,808.0,0.8882251265106125,61.6316992226524,21.941618767506508,85.72559934222859,False,1162.5
39.7271589217448,34.37213683220066,780.0,0.7828694346195674,64.60801415761918,17.662714200349768,97.10779662202604,False,1163.5
38.6382972095594,35.38370423940387,1576.0,3.141507104036263,24.287672109225092,60.59560822519128,54.102086705357884,False,1174.5
39.799749702557165,34.46409750558277,941.0,1.1707841426688452,63.28617475390436,6.409566749978237,98.4420818321627,False,1174.5
38.85606955199648,35.843507606314425,1418.0,1.819142272191022,19.048345629593285,64.1096606165084,68.8911748996418,False,1175.5
39.001251113621194,36.02742895307864,1250.0,1.060309525184654,16.55457680237997,72.11794882488682,81.02987142889053,False,1176.0
39.43679579849536,34.37213683220066,1248.0,1.4014686830804692,40.95053375175059,28.713349357794396,76.07146215013951,False,1177.5
39.65456814093244,35.6595862595502,1325.0,1.2888055141060766,24.212669521722297,45.64280573079185,80.64599351772686,False,1177.5
39.43679579849536,35.6595862595502,1432.0,1.7243821419413001,31.7635966606491,47.93092018207391,62.98132596140371,False,1177.5
39.799749702557165,34.37213683220066,897.0,1.0308506307163028,59.393122051561335,12.523977592126919,103.27614098682558,False,1180.5
38.34793408630995,35.751546932932314,1496.0,1.0870863283633774,10.977300049015772,60.59533545750863,98.4420818321627,False,1183.5
39.43679579849536,34.64801885234699,1132.0,1.229798341389927,54.363092140831434,47.710520288692834,57.02246063868973,False,1185.5
38.6382972095594,35.843507606314425,1466.0,1.371010420235162,17.526590619578993,60.52003528811736,80.63788066846992,False,1186.5
38.27534330549759,35.10782221925754,1092.0,0.16643241777438547,41.18151224407222,79.97349133412555,88.72206543732928,False,1186.5
39.87234048336952,34.55605817896488,1136.0,1.324077173682027,60.359280502411,5.506223779042631,101.05388496984568,False,1188.0
39.291614236870636,36.02742895307864,1246.0,2.2688332727215057,2.723193810613337,71.20922979354891,84.18002584393783,False,1193.5
38.42052486712231,34.92390087249332,1575.0,1.0952449863898341,27.966295929819786,59.431665943608714,74.36029100308163,False,1195.0
38.49311564793467,35.10782221925754,1134.0,2.1427967341110525,24.39783058861324,57.90990878079123,64.52513849987598,False,1195.0
38.71088799037175,35.6595862595502,1380.0,1.6240955243089437,26.875235270446804,63.410387936576896,62.98132596140371,False,1195.5
39.799749702557165,34.55605817896488,924.0,1.3450168698683318,66.19531157859414,7.438466688380858,94.05180148900475,False,1199.5
38.565706428747035,35.843507606314425,1543.0,1.3418874120645417,15.651820828422643,58.532719364377215,85.7215108101265,False,1200.5
39.509386579307716,34.188215485436444,1237.0,1.0704185134171,41.68088712942345,23.083027631083826,94.03590043560703,False,1201.0
39.7271589217448,34.64801885234699,978.0,1.149040933617789,74.31163391059839,18.833910777595097,83.03383544324318,False,1201.5
38.34793408630995,35.6595862595502,1416.0,1.2015217966176985,8.257733111926274,68.63053459216337,94.05180148900475,False,1203.5
39.65456814093244,34.64801885234699,1071.0,1.1910366022723158,69.98577151527617,25.29717030024188,76.08344016864362,False,1209.5
38.49311564793467,35.01586154587543,1573.0,3.4517532531528143,22.98401728654396,54.49057191792977,65.02692790842018,False,1211.0
39.7271589217448,34.55605817896488,828.0,1.3175478754856884,71.02405523973012,14.506972284708201,87.23361869704395,False,1214.5
38.783478771184114,35.751546932932314,1661.0,2.373531775188025,22.631365462388416,62.73277054796712,65.00967819304422,False,1215.5
38.565706428747035,35.935468279696536,1703.0,2.37813110474093,7.816419844535078,50.62534879601415,91.94188896693655,False,1215.5
39.509386579307716,35.751546932932314,1609.0,1.1233885542614845,30.570355646366377,56.87054573500652,74.34614971215346,False,1217.0
39.509386579307716,34.46409750558277,990.0,1.1472578175875778,50.48989647301288,37.976616616785506,74.34614971215346,False,1221.0
39.65456814093244,34.55605817896488,921.0,1.309288666299421,65.55551508151376,22.263936644051046,80.64599351772686,False,1221.5
39.58197736012008,34.46409750558277,990.0,1.1472578175875778,55.97899205238228,29.946192345363507,79.83144489416547,False,1222.0
38.783478771184114,36.11938962646075,1563.0,1.789114980085323,11.97056108304948,48.23671111492078,94.37597047357588,False,1224.5
39.21902345605828,36.11938962646075,1206.0,1.4442142480109144,6.877017737900916,78.16814971445785,90.1452648333455,False,1225.5
39.509386579307716,35.843507606314425,1738.0,1.0370308821497987,26.281416253932544,64.5281585765935,80.63788066846992,False,1228.0
39.58197736012008,35.751546932932314,1609.0,1.1233885542614845,29.623635605160825,54.71299700656837,79.83144489416547,False,1229.0
39.509386579307716,34.09625481205433,1155.0,1.3398270158654468,39.04624007200096,21.091158203917864,101.03422945263667,False,1237.5
39.14643267524592,36.11938962646075,1284.0,1.1991080621049444,12.132724245895966,78.02208848088954,89.05619020671817,False,1238.5
38.71088799037175,35.843507606314425,1686.0,1.7586513670212358,20.851772154719683,63.47739186660748,76.07146215013951,False,1239.5
38.565706428747035,35.291743566021765,1544.0,6.228243325511856,25.705212490099584,61.30600265101687,58.71717064751028,False,1243.5
38.6382972095594,35.47566491278598,1587.0,3.1331635131002233,28.175180482588953,62.88199664417918,58.15574579802874,False,1244.5
39.58197736012008,34.28017615881855,1236.0,0.7904910640696498,50.23403269707057,33.99022710502985,91.94188896693655,False,1246.0
39.32,34.08,1289.0,1.317712773487642,23.021368839949318,42.66187001548559,94.17456225282889,False,1255.0
39.58197736012008,35.6595862595502,1270.0,1.8348459255335114,30.553401827649267,46.83912332558785,74.35023525024728,False,1261.0
39.509386579307716,35.6595862595502,1270.0,1.8348459255335114,35.965852328866944,49.34217673214607,68.42695276642732,False,1261.0
38.42052486712231,34.64801885234699,1577.0,1.5698202298105381,30.925785996529708,37.79591376051424,83.03383544324318,False,1262.0
38.34793408630995,35.56762558616809,1454.0,1.471940120949388,9.717866821590562,76.67151744397434,90.17014450893093,False,1262.5
38.6382972095594,35.751546932932314,1543.0,1.455079825547101,25.05480064380392,68.23374294513833,74.34614971215346,False,1264.5
38.42052486712231,35.199782892639654,1074.0,1.0961303063047048,33.385240926397465,68.93378301078187,73.03717761336954,False,1268.0
39.364205017683,36.02742895307864,1611.0,3.060239300256913,7.555647709269305,73.16957079486225,86.84272481029502,False,1275.5
38.34793408630995,35.291743566021765,1072.0,0.8609000133472512,29.256800675911656,80.06435053592104,82.2525988064139,False,1277.5
38.85606955199648,36.11938962646075,1815.0,1.6962873316472311,17.840075950985984,54.34798294093353,91.93172304182423,False,1283.5
38.6382972095594,35.6595862595502,1608.0,1.474979623294333,30.737374162301805,70.06302992439119,68.42695276642732,False,1284.5
38.92866033280883,36.02742895307864,1431.0,1.4278784462016754,22.31425431009927,65.67996078328271,82.2253234807949,False,1284.5
38.6382972095594,35.56762558616809,1564.0,2.785253200799983,29.880576932411465,66.07933850526692,62.98540674103175,False,1289.5
39.87234048336952,34.64801885234699,1138.0,1.7925114145237284,64.13437170996951,13.212965246832953,97.45153290191557,False,1291.5
39.58197736012008,35.843507606314425,1738.0,1.0370308821497987,30.02876277503528,62.63494486729662,85.7215108101265,False,1292.0
38.85606955199648,35.935468279696536,1578.0,2.00055743339734,22.693417595925286,65.4978069252511,76.49266311412414,False,1295.5
39.65456814093244,35.751546932932314,1530.0,1.8149321518235706,23.263717264652573,53.692404327892945,85.72559934222859,False,1300.5
39.58197736012008,34.188215485436444,1237.0,1.0704185134171,47.69801642754038,30.615855677400962,98.42997606219174,False,1304.0
38.85606955199648,36.02742895307864,1691.0,1.8792219189455162,21.680690789807734,59.63912412254282,84.18002584393783,False,1304.5
39.509386579307716,34.37213683220066,1147.0,1.8257272393493227,46.68767610171534,33.1489323170281,80.63788066846992,False,1306.0
39.073841894433556,36.11938962646075,1370.0,1.369860477639973,17.480899831410913,74.93415197621344,88.6901935290606,False,1306.0
39.65456814093244,34.37213683220066,929.0,1.3228115380952488,58.552230864396904,24.437718857214648,91.23593702190361,False,1306.5
38.565706428747035,35.38370423940387,2299.0,5.727855926733658,29.696092027144378,67.32613308942594,61.422678244621515,False,1308.5
38.34793408630995,34.92390087249332,1503.0,1.0694830862749154,34.32200390230675,62.74381317222058,82.2525988064139,False,1308.5
39.799749702557165,34.64801885234699,962.0,2.3310298359131623,69.65898626022137,14.127800146635447,90.17014450893093,False,1314.5
38.42052486712231,35.6595862595502,1608.0,2.184793162393248,14.601207689473746,69.72173435113757,87.23361869704395,False,1316.0
38.27534330549759,35.56762558616809,1675.0,3.1337525559739228,4.761866490883008,76.53535651228837,97.45153290191557,False,1319.5
39.001251113621194,36.11938962646075,1370.0,1.369860477639973,21.41423586435786,67.80764460112833,89.05619020671817,False,1322.0
39.43679579849536,35.935468279696536,1708.0,2.576308138345661,17.241807183526365,68.58946654933372,83.01807565161914,False,1324.5
38.27534330549759,34.92390087249332,1459.0,0.7127365644987382,40.680451718587015,66.86971240983597,90.17558602293931,False,1328.5
38.49311564793467,35.6595862595502,1608.0,2.184793162393248,20.95741711559815,71.70913034810104,80.64599351772686,False,1337.0
38.42052486712231,35.10782221925754,1134.0,2.1427967341110525,30.528929963007677,65.09620283521673,72.59078081236068,False,1340.0
38.42052486712231,35.01586154587543,1573.0,3.4517532531528143,29.344865396685126,62.073992271378785,73.03717761336954,False,1345.0
39.58197736012008,34.37213683220066,1147.0,1.8257272393493227,52.569429722290295,31.82046361684849,85.7215108101265,False,1354.0
38.49311564793467,35.291743566021765,1210.0,3.8692028265661373,31.52954850349365,67.17346855555932,66.50958515539673,False,1355.0
38.42052486712231,35.56762558616809,1687.0,3.4914999981802097,15.676575444989943,77.64980070602965,83.03383544324318,False,1357.0
38.565706428747035,35.47566491278598,2759.0,8.247326188356087,30.43946121711672,70.51386769780459,65.02153786395073,False,1360.5
38.34793408630995,34.739979525729105,1343.0,1.4588662843125273,35.912917334193466,49.03443519887666,86.8653225847531,False,1363.5
38.49311564793467,35.56762558616809,1687.0,3.4914999981802097,21.769022597410423,79.43910047348518,76.08344016864362,False,1364.0
38.49311564793467,35.47566491278598,1827.0,5.850315764973089,24.73662700419329,78.23282396331034,72.1361156071444,False,1366.0
38.42052486712231,35.47566491278598,1827.0,5.850315764973089,19.448742587208358,84.11309735923116,79.43265786442825,False,1370.0
38.49311564793467,35.38370423940387,1628.0,4.426857301303836,29.548247101391386,72.70940182337718,68.90982652304697,False,1372.0
38.565706428747035,35.56762558616809,2243.0,4.792752267026712,27.982320792551185,73.37941818411058,69.37485912923678,False,1372.5
38.565706428747035,35.6595862595502,1946.0,3.4217867515528835,26.36579523269847,74.44751813057856,74.35023525024728,False,1383.5
38.34793408630995,35.47566491278598,1230.0,4.083639851856835,15.020633050077315,84.71663712326279,86.8653225847531,False,1383.5
38.27534330549759,35.47566491278598,1306.0,2.9290852626569897,11.923145324079139,84.59342654589662,94.40196275462107,False,1391.5
38.92866033280883,36.11938962646075,1544.0,2.180856829450964,23.963623339418536,60.915805601974,90.1452648333455,False,1393.5
39.85,34.5,1136.0,1.324077173682027,60.2274382626557,32.459146319567566,101.37690785383911,False,1407.5
38.27534330549759,35.38370423940387,1080.0,1.7721003336972927,19.424061604551113,91.26258211711533,91.96018480012961,False,1409.5
38.42052486712231,35.38370423940387,1628.0,4.426857301303836,25.287383799906863,78.55326347184719,76.51465318457923,False,1414.0
38.34793408630995,35.38370423940387,1086.0,3.5343792334224493,21.83860621145392,84.76250623045219,84.20528062005579,False,1438.5
38.42052486712231,35.291743566021765,1210.0,3.8692028265661373,31.97120169015506,73.45905639435368,74.36029100308163,False,1440.0
39.65456814093244,34.28017615881855,1176.0,3.2626674103575257,56.46482833482422,29.03420881145775,97.10370608531179,False,1454.5
38.34793408630995,35.01586154587543,1379.0,2.487162499455311,35.52715256889119,69.76566330865921,81.05841378951841,False,1476.5
39.65456814093244,34.188215485436444,1410.0,4.002366052261449,53.79514984337121,34.91108948783694,103.26799589561989,False,1518.5
38.27534330549759,35.01586154587543,1375.0,2.2182958904709165,41.73817079101174,73.70744284106682,89.08766890116969,False,1572.5
